Brain	sepsis	M	1	B1L1	Fryer-1_384_193_S46_L001_R1_001.fastq.gz	@A00124:303:HC2WMDSX2:1:1101:1271:1000 1:N:0:GGTACCGACC+CAGATACCAC
Kidney	sepsis	F	10	B1L1	Fryer-10_312_265_S52_L001_R1_001.fastq.gz	@A00124:303:HC2WMDSX2:1:1101:6117:1000 1:N:0:AGATCCATTA+CATACACTGT
Brain	control	M	101	B2L2	Fryer-101_291_286_S86_L002_R1_001.fastq.gz	@A00124:308:H7WNTDSX2:2:1101:32642:1000 1:N:0:CGCACGACTG+GTTGATAGTG
Kidney	control	M	102	B2L2	Fryer-102_374_203_S87_L002_R1_001.fastq.gz	@A00124:308:H7WNTDSX2:2:1101:15600:1016 1:N:0:GCGCATGCAC+ACTTGTCCAC
Brain	control	F	103	B2L2	Fryer-103_362_215_S88_L002_R1_001.fastq.gz	@A00124:308:H7WNTDSX2:2:1101:32696:1000 1:N:0:GCAATATTCA+CTACTCAGTC
Kidney	control	F	104	B2L2	Fryer-104_350_227_S89_L002_R1_001.fastq.gz	@A00124:308:H7WNTDSX2:2:1101:31322:1000 1:N:0:CTTAAGTCGA+CGTGGTCAGG
Kidney	control	F	106	B2L2	Fryer-106_338_239_S90_L002_R1_001.fastq.gz	@A00124:308:H7WNTDSX2:2:1101:31286:1000 1:N:0:GTTACACAAC+CAGTATCAAT
Brain	control	M	107	B2L2	Fryer-107_326_251_S91_L002_R1_001.fastq.gz	@A00124:308:H7WNTDSX2:2:1101:32154:1000 1:N:0:ATAGGTCTTA+CGTATAATCA
Kidney	control	M	108	B2L2	Fryer-108_314_263_S92_L002_R1_001.fastq.gz	@A00124:308:H7WNTDSX2:2:1101:32208:1000 1:N:0:TATTGCGCTC+ATCCGTAAGT
Brain	sepsis	M	11	B1L1	Fryer-11_300_277_S53_L001_R1_001.fastq.gz	@A00124:303:HC2WMDSX2:1:1101:1940:1000 1:N:0:CTGTTGGTCC+CTACAAGATA
Brain	sepsis	F	13	B1L1	Fryer-13_383_194_S54_L001_R1_001.fastq.gz	@A00124:303:HC2WMDSX2:1:1101:4869:1000 1:N:0:AACGTTAGTT+TGAGCGTTGT
Kidney	sepsis	F	14	B1L1	Fryer-14_371_206_S55_L001_R1_001.fastq.gz	@A00124:303:HC2WMDSX2:1:1101:1362:1000 1:N:0:AAGACATTAG+GTGGTTGAAG
Brain	sepsis	M	15	B1L1	Fryer-15_359_218_S56_L001_R1_001.fastq.gz	@A00124:303:HC2WMDSX2:1:1101:2663:1000 1:N:0:CAATAGGAAT+TGTAAGCCGC
Brain	sepsis	F	17	B1L1	Fryer-17_347_230_S57_L001_R1_001.fastq.gz	@A00124:303:HC2WMDSX2:1:1101:1976:1000 1:N:0:AATTCCATCT+GTAAGGCATA
Kidney	sepsis	F	18	B1L1	Fryer-18_335_242_S58_L001_R1_001.fastq.gz	@A00124:303:HC2WMDSX2:1:1101:1145:1000 1:N:0:CGTGTCGTGG+TGTGCTAACA
Brain	sepsis	M	19	B1L1	Fryer-19_323_254_S59_L001_R1_001.fastq.gz	@A00124:303:HC2WMDSX2:1:1101:1741:1000 1:N:0:CAACGTTCGG+GATCACCGCG
Brain	sepsis	M	21	B1L1	Fryer-21_311_266_S60_L001_R1_001.fastq.gz	@A00124:303:HC2WMDSX2:1:1101:4743:1000 1:N:0:GAGCTTGCCG+TGCGTGTCAC
Kidney	sepsis	M	22	B1L1	Fryer-22_299_278_S61_L001_R1_001.fastq.gz	@A00124:303:HC2WMDSX2:1:1101:4887:1000 1:N:0:TCACCAACTT+TCGTGGAGCG
Brain	sepsis	M	23	B1L1	Fryer-23_382_195_S62_L001_R1_001.fastq.gz	@A00124:303:HC2WMDSX2:1:1101:1561:1000 1:N:0:GGTCTATTAA+CTTATGGAAT
Kidney	sepsis	M	24	B1L1	Fryer-24_370_207_S63_L001_R1_001.fastq.gz	@A00124:303:HC2WMDSX2:1:1101:2465:1000 1:N:0:TCGAGCCATA+CTCATAGCGA
Brain	sepsis	M	25	B1L1	Fryer-25_358_219_S64_L001_R1_001.fastq.gz	@A00124:303:HC2WMDSX2:1:1101:1506:1000 1:N:0:CACAGCGGTC+AACCATTCTC
Kidney	sepsis	M	26	B1L1	Fryer-26_346_231_S65_L001_R1_001.fastq.gz	@A00124:303:HC2WMDSX2:1:1101:1922:1000 1:N:0:AGAATTCGCC+ACGTCAATAC
Brain	sepsis	M	27	B1L1	Fryer-27_334_243_S66_L001_R1_001.fastq.gz	@A00124:303:HC2WMDSX2:1:1101:4490:1000 1:N:0:TGCTACTGCC+ACACTGCCAA
Kidney	sepsis	M	28	B1L1	Fryer-28_322_255_S67_L001_R1_001.fastq.gz	@A00124:303:HC2WMDSX2:1:1101:2049:1000 1:N:0:AGTACAACTC+CCTTACTATG
Brain	sepsis	F	29	B1L1	Fryer-29_310_267_S68_L001_R1_001.fastq.gz	@A00124:303:HC2WMDSX2:1:1101:3784:1000 1:N:0:CTTGTACACC+AATAGAGCAA
Brain	sepsis	M	3	B1L1	Fryer-3_372_205_S47_L001_R1_001.fastq.gz	@A00124:303:HC2WMDSX2:1:1101:2338:1000 1:N:0:GGAGTGCCGA+ACAACCAGGA
Brain	sepsis	F	31	B1L1	Fryer-31_298_279_S69_L001_R1_001.fastq.gz	@A00124:303:HC2WMDSX2:1:1101:1163:1000 1:N:0:GGTGCTATAT+AGTGAGTGAA
Kidney	sepsis	F	32	B1L1	Fryer-32_381_196_S70_L001_R1_001.fastq.gz	@A00124:303:HC2WMDSX2:1:1101:9570:1000 1:N:0:AACTCGCCGG+TCCGCAAGGC
Brain	sepsis	M	33	B2L3	Fryer-33_369_208_S84_L003_R1_001.fastq.gz	@A00124:308:H7WNTDSX2:3:1101:20555:1016 1:N:0:CTAGATTGCG+TCTGCGATAG
Kidney	sepsis	M	34	B1L1	Fryer-34_357_220_S71_L001_R1_001.fastq.gz	@A00124:303:HC2WMDSX2:1:1101:2121:1000 1:N:0:TGTGATAACT+GGTTGCCTCT
Brain	sepsis	M	35	B1L1	Fryer-35_345_232_S72_L001_R1_001.fastq.gz	@A00124:303:HC2WMDSX2:1:1101:3712:1000 1:N:0:GAGGCCTATT+GTACTGGCGT
Kidney	sepsis	M	36	B1L1	Fryer-36_333_244_S73_L001_R1_001.fastq.gz	@A00124:303:HC2WMDSX2:1:1101:2139:1000 1:N:0:CATCGTCATT+GTATCATTGG
Brain	control	F	37	B1L1	Fryer-37_321_256_S74_L001_R1_001.fastq.gz	@A00124:303:HC2WMDSX2:1:1101:5267:1000 1:N:0:GACGTGGTCT+TTCCGTCGCA
Kidney	control	F	38	B1L1	Fryer-38_309_268_S75_L001_R1_001.fastq.gz	@A00124:303:HC2WMDSX2:1:1101:1344:1000 1:N:0:TCCACGTGTT+GGCGAGATGG
Brain	control	F	39	B1L1	Fryer-39_297_280_S76_L001_R1_001.fastq.gz	@A00124:303:HC2WMDSX2:1:1101:2356:1000 1:N:0:AACATCGCGC+GACAGACAGG
Kidney	sepsis	M	4	B1L1	Fryer-4_360_217_S48_L001_R1_001.fastq.gz	@A00124:303:HC2WMDSX2:1:1101:1832:1000 1:N:0:TGGCGAAGGC+CACGGATTAT
Kidney	control	F	40	B1L1	Fryer-40_380_197_S77_L001_R1_001.fastq.gz	@A00124:303:HC2WMDSX2:1:1101:1868:1000 1:N:0:CTGTCACTTA+AGTTAAGAGC
Brain	control	F	41	B1L1	Fryer-41_368_209_S78_L001_R1_001.fastq.gz	@A00124:303:HC2WMDSX2:1:1101:9100:1000 1:N:0:AGGCCGTGGA+CGCACTAATG
Kidney	control	F	42	B1L1	Fryer-42_356_221_S79_L001_R1_001.fastq.gz	@A00124:303:HC2WMDSX2:1:1101:1235:1000 1:N:0:GTGGTCGTCA+ACTGTTGTGA
Brain	control	F	43	B1L1	Fryer-43_344_233_S80_L001_R1_001.fastq.gz	@A00124:303:HC2WMDSX2:1:1101:1380:1000 1:N:0:CCAGGCACCA+TTCTATGGTT
Kidney	control	F	44	B1L1	Fryer-44_332_245_S81_L001_R1_001.fastq.gz	@A00124:303:HC2WMDSX2:1:1101:3206:1000 1:N:0:ATTGTTCGTC+AAGCTTATGC
Brain	control	M	45	B1L1	Fryer-45_320_257_S82_L001_R1_001.fastq.gz	@A00124:303:HC2WMDSX2:1:1101:2284:1000 1:N:0:CATTGGTCAA+ATCGTCGCTC
Kidney	control	M	46	B1L1	Fryer-46_308_269_S83_L001_R1_001.fastq.gz	@A00124:303:HC2WMDSX2:1:1101:3459:1000 1:N:0:GTGTGAACAA+AAGGCCTTGG
Brain	control	M	47	B1L1	Fryer-47_296_281_S84_L001_R1_001.fastq.gz	@A00124:303:HC2WMDSX2:1:1101:2193:1000 1:N:0:GGTGGACGTG+CTAATGATGG
Kidney	control	M	48	B1L1	Fryer-48_379_198_S85_L001_R1_001.fastq.gz	@A00124:303:HC2WMDSX2:1:1101:4381:1000 1:N:0:TCACTGTCCG+GACCGGAGAT
Brain	control	F	49	B1L1	Fryer-49_367_210_S86_L001_R1_001.fastq.gz	@A00124:303:HC2WMDSX2:1:1101:5195:1000 1:N:0:GAATTACAAG+TATGTCGGCA
Brain	sepsis	F	5	B1L1	Fryer-5_348_229_S49_L001_R1_001.fastq.gz	@A00124:303:HC2WMDSX2:1:1101:3586:1000 1:N:0:GGCCTTGCTC+ACGGAATGCG
Kidney	control	F	50	B1L1	Fryer-50_355_222_S87_L001_R1_001.fastq.gz	@A00124:303:HC2WMDSX2:1:1101:3929:1000 1:N:0:ACAACTACTG+GTCACCACAG
Brain	control	M	51	B1L1	Fryer-51_343_234_S88_L001_R1_001.fastq.gz	@A00124:303:HC2WMDSX2:1:1101:3694:1000 1:N:0:TTGAATGTTG+CCTCGCAACC
Kidney	control	M	52	B1L1	Fryer-52_331_246_S89_L001_R1_001.fastq.gz	@A00124:303:HC2WMDSX2:1:1101:2392:1000 1:N:0:GCCACCTACT+GGATCCGCAT
Brain	control	M	53	B1L1	Fryer-53_319_258_S90_L001_R1_001.fastq.gz	@A00124:303:HC2WMDSX2:1:1101:1994:1000 1:N:0:TGCCAACTGG+GCTACTATCT
Kidney	control	M	54	B1L1	Fryer-54_307_270_S91_L001_R1_001.fastq.gz	@A00124:303:HC2WMDSX2:1:1101:1542:1000 1:N:0:ACACAGGTGG+GGAATTCCAA
Brain	control	M	55	B1L1	Fryer-55_295_282_S92_L001_R1_001.fastq.gz	@A00124:303:HC2WMDSX2:1:1101:1325:1000 1:N:0:AACAAGTACA+TCGGCAGCAA
Kidney	control	M	56	B1L1	Fryer-56_378_199_S93_L001_R1_001.fastq.gz	@A00124:303:HC2WMDSX2:1:1101:1289:1000 1:N:0:TATGACAATC+CAAGCATCCG
Brain	control	F	57	B1L1	Fryer-57_366_211_S94_L001_R1_001.fastq.gz	@A00124:303:HC2WMDSX2:1:1101:6460:1000 1:N:0:TTCTGTAGAA+CGGCTCTACT
Kidney	control	F	58	B1L1	Fryer-58_354_223_S95_L001_R1_001.fastq.gz	@A00124:303:HC2WMDSX2:1:1101:6949:1000 1:N:0:GGCTCGAGAG+CGCTCAGTTC
Brain	control	F	59	B1L1	Fryer-59_342_235_S96_L001_R1_001.fastq.gz	@A00124:303:HC2WMDSX2:1:1101:3766:1000 1:N:0:CGCTAAGTTA+AGGTGCGTAA
Kidney	control	F	60	B1L1	Fryer-60_330_247_S97_L001_R1_001.fastq.gz	@A00124:303:HC2WMDSX2:1:1101:3007:1000 1:N:0:CGGCCGATAC+CCAGAGAAGC
Brain	control	M	61	B1L1	Fryer-61_318_259_S98_L001_R1_001.fastq.gz	@A00124:303:HC2WMDSX2:1:1101:4906:1000 1:N:0:GGTATGTAGA+CAAGTAAGAA
Kidney	control	M	62	B1L1	Fryer-62_306_271_S99_L001_R1_001.fastq.gz	@A00124:303:HC2WMDSX2:1:1101:1651:1000 1:N:0:CCACCAGGCA+AGACACATTA
Brain	control	F	63	B1L1	Fryer-63_294_283_S100_L001_R1_001.fastq.gz	@A00124:303:HC2WMDSX2:1:1101:4942:1000 1:N:0:ACCGTTACAA+ATGATCTCAT
Kidney	control	F	64	B1L1	Fryer-64_377_200_S101_L001_R1_001.fastq.gz	@A00124:303:HC2WMDSX2:1:1101:3477:1000 1:N:0:CGCAGTGGCT+TGGATGCTTA
Brain	control	M	65	B1L1	Fryer-65_365_212_S102_L001_R1_001.fastq.gz	@A00124:303:HC2WMDSX2:1:1101:5321:1000 1:N:0:CCTCACGAGG+TAATCTCGTC
Kidney	control	M	66	B1L1	Fryer-66_353_224_S103_L001_R1_001.fastq.gz	@A00124:303:HC2WMDSX2:1:1101:3893:1000 1:N:0:AATCTAGAGA+TATCTGACCT
Brain	control	F	67	B1L1	Fryer-67_341_236_S104_L001_R1_001.fastq.gz	@A00124:303:HC2WMDSX2:1:1101:4652:1000 1:N:0:TATCGGACCG+GAACATACGG
Brain	control	F	69	B1L1	Fryer-69_329_248_S105_L001_R1_001.fastq.gz	@A00124:303:HC2WMDSX2:1:1101:1524:1000 1:N:0:TAATTAGCGT+TTGAGAGGAT
Brain	sepsis	M	7	B1L1	Fryer-7_336_241_S50_L001_R1_001.fastq.gz	@A00124:303:HC2WMDSX2:1:1101:4146:1000 1:N:0:TACACTACAA+CACATCGGTG
Brain	control	M	71	B1L1	Fryer-71_317_260_S106_L001_R1_001.fastq.gz	@A00124:303:HC2WMDSX2:1:1101:5032:1000 1:N:0:AACGCACGAG+TGGACGGAGG
Brain	control	M	73	B1L1	Fryer-73_305_272_S107_L001_R1_001.fastq.gz	@A00124:303:HC2WMDSX2:1:1101:1579:1000 1:N:0:TTGTTGAATG+GAGTGTGCCG
Brain	control	F	75	B1L1	Fryer-75_293_284_S108_L001_R1_001.fastq.gz	@A00124:303:HC2WMDSX2:1:1101:2826:1000 1:N:0:GTTACCGTGG+GCAGCTCTGC
Brain	control	F	77	B1L1	Fryer-77_376_201_S109_L001_R1_001.fastq.gz	@A00124:303:HC2WMDSX2:1:1101:1253:1000 1:N:0:AGTATGCTAC+ATAGACCGTT
Brain	control	F	79	B1L1	Fryer-79_364_213_S110_L001_R1_001.fastq.gz	@A00124:303:HC2WMDSX2:1:1101:2772:1000 1:N:0:CCGGTAACAC+AGCAAGCACG
Brain	control	F	81	B1L1	Fryer-81_352_225_S111_L001_R1_001.fastq.gz	@A00124:303:HC2WMDSX2:1:1101:1850:1000 1:N:0:CTGCGTTACC+CCGTGGCCTT
Brain	control	M	83	B1L1	Fryer-83_340_237_S112_L001_R1_001.fastq.gz	@A00124:303:HC2WMDSX2:1:1101:5448:1000 1:N:0:ATACGCCGGC+CGTGTATCTT
Brain	control	M	85	B1L1	Fryer-85_328_249_S113_L001_R1_001.fastq.gz	@A00124:303:HC2WMDSX2:1:1101:1470:1000 1:N:0:GCGATAAGGC+ACTAGCCGTG
Brain	control	M	87	B1L1	Fryer-87_316_261_S114_L001_R1_001.fastq.gz	@A00124:303:HC2WMDSX2:1:1101:1181:1000 1:N:0:ACGGTCAGGA+CCATGTGTAG
Brain	control	M	89	B1L1	Fryer-89_304_273_S115_L001_R1_001.fastq.gz	@A00124:303:HC2WMDSX2:1:1101:2971:1000 1:N:0:TCTTGTCGGC+ATTGCCGAGT
Brain	sepsis	F	9	B1L1	Fryer-9_324_253_S51_L001_R1_001.fastq.gz	@A00124:303:HC2WMDSX2:1:1101:12445:1000 1:N:0:TGGTACCTAA+AGCTGTTATA
Brain	control	M	91	B1L1	Fryer-91_292_285_S116_L001_R1_001.fastq.gz	@A00124:303:HC2WMDSX2:1:1101:4598:1000 1:N:0:TATGTAGTCA+ACCAGCGACA
Kidney	control	M	92	B1L1	Fryer-92_375_202_S117_L001_R1_001.fastq.gz	@A00124:303:HC2WMDSX2:1:1101:3821:1000 1:N:0:GACGCATCGT+GCGAGTTACC
Brain	control	M	93	B1L1	Fryer-93_363_214_S118_L001_R1_001.fastq.gz	@A00124:303:HC2WMDSX2:1:1101:2573:1000 1:N:0:TTAACGGTGT+GATGGATGTA
Kidney	control	M	94	B1L1	Fryer-94_351_226_S119_L001_R1_001.fastq.gz	@A00124:303:HC2WMDSX2:1:1101:1217:1000 1:N:0:TCATACCGTT+TTACAATTCC
Brain	control	M	95	B1L1	Fryer-95_339_238_S120_L001_R1_001.fastq.gz	@A00124:303:HC2WMDSX2:1:1101:1814:1000 1:N:0:GCGTATTAAT+TACACGCTCC
Kidney	control	M	96	B1L1	Fryer-96_327_250_S121_L001_R1_001.fastq.gz	@A00124:303:HC2WMDSX2:1:1101:1108:1000 1:N:0:NTAGCGGAAT+GTCGATTACA
Brain	control	F	97	B1L1	Fryer-97_315_262_S122_L001_R1_001.fastq.gz	@A00124:303:HC2WMDSX2:1:1101:3079:1000 1:N:0:GTAACTGAAG+TTGCACACGA
Brain	control	F	99	B2L2	Fryer-99_303_274_S85_L002_R1_001.fastq.gz	@A00124:308:H7WNTDSX2:2:1101:32732:1000 1:N:0:CTCCACTAAT+GCCATTAGAC
